{"_runtime":107.785897,"lr":0.0001,"_timestamp":1.740657832650722e+09,"_step":8,"train/loss":1.5442326068878174,"val/loss":2.0876238346099854,"_wandb":{"runtime":107},"mfu":0.23056043575875393,"iter":2000}